﻿<?xml version="1.0" encoding="utf-8"?>
<Heros comment="">
  <Hero  name="sp玉藻前" attack="3511" speed="115" defense="388" combo="12" resistance="0" hitrate="0"  />
  <Hero  name="炼狱茨木" attack="3323" speed="" defense="" combo="" resistance="" hitrate=""  />
  <Hero  name="玉藻前" attack="3350" speed="" defense="" combo="" resistance="" hitrate=""  />
  <Hero  name="小小黑" attack="3377" speed="" defense="" combo="" resistance="" hitrate=""  />
  <Hero  name="茨木童子" attack="3216" speed="" defense="" combo="" resistance="" hitrate=""  />
  <Hero  name="sp赤刀" attack="3377" speed="" defense="" combo="" resistance="" hitrate=""  />     
  <Hero  name="鬼切" attack="3350" speed="" defense="" combo="" resistance="" hitrate=""  />  
  <Hero  name="大天狗" attack="3136" speed="" defense="" combo="" resistance="" hitrate=""  />  
  <Hero  name="犬神" attack="3002" speed="" defense="" combo="" resistance="" hitrate=""  />
  <Hero  name="食发鬼" attack="2894" speed="" defense="" combo="" resistance="" hitrate=""  />
  <Hero  name="山风" attack="3404" speed="" defense="" combo="" resistance="" hitrate=""  />
  <Hero  name="妖刀姬" attack="3270" speed="" defense="" combo="" resistance="" hitrate=""  />
  <Hero  name="酒吞童子" attack="3136" speed="" defense="" combo="" resistance="" hitrate=""  />
  <Hero  name="白狼" attack="3082" speed="" defense="" combo="" resistance="" hitrate=""  />
  <Hero  name="奕" attack="3002" speed="106" defense="445" combo="8" resistance="0" hitrate="0"  />
  <Hero  name="三尾" attack="2921" speed="" defense="" combo="" resistance="" hitrate=""  />
  <Hero  name="白达摩" attack="1" speed="" defense="" combo="" resistance="" hitrate=""  />
  <Hero  name="红达摩" attack="1" speed="" defense="" combo="" resistance="" hitrate=""  />
  <Hero  name="蓝达摩" attack="1" speed="" defense="" combo="" resistance="" hitrate=""  />
  <Hero  name="N卡" attack="1" speed="" defense="" combo="" resistance="" hitrate=""  />
  
</Heros>