﻿<?xml version="1.0" encoding="UTF-8"?>
<gamelist key="eNHwxW/FvAaiUB/Y2LRntrIgybnDN4BjtE6TSfgYFl1os0Frdz5xDLMEl7jRMDMU321705Ce7s4RLx/KOHqgOE3lBwh9YNzGB/j8B62kKP0RPzJrBrfM3Km/BckueCnXh+vGcvg7CjK23KHMEnd/IcQ9ViQ0UVtJtpaKQIqzq2U=">
  <game name="YYS">   
    <imagelist name="simple" width="640" height="480" timeout="120" comment="超时80秒退出">
     
       
      <image name="开始战斗.YH" src="pic/yuhunstart.bmp" width="32" height="32" x="595" y="305">
        <action name="click" />
      </image>

      <image name="开始战斗.YYHNew" src="pic/startYYH.bmp" width="32" height="32" x="562" y="303">
        <action name="click" />
      </image>

      <image name="开始战斗.BNH" src="pic/startBNH.bmp" width="32" height="32" x="562" y="303">
        <action name="click" />
      </image>
 
      <image name="单人副本开始YYH" src="pic/bt_tiaozhan.bmp" width="66" height="30" x="443" y="234">
        <action name="click" />
      </image>
        
    </imagelist>

    <imagelist name="areaking" width="640" height="480" timeout="360" comment="超时360秒退出">

      <image name="准备按钮ex" src="pic/zhunbeiex.bmp" width="39" height="14" x="568" y="313">
        <action name="click" width="44" height="21" x="560" y="265" />
      </image>

      <image name="自动战斗" src="pic/zidongu.bmp" width="32" height="32" x="14" y="315">
        <action name="click" />
      </image>

    </imagelist>


    <imagelist name="yuhun" width="640" height="480" timeout="80" comment="超时80秒退出">

     
      <image name="开始战斗.YH" src="pic/yuhunstart.bmp" width="32" height="32" x="595" y="305">
        <action name="click" />
      </image>

      <image name="开始战斗.YYHNew" src="pic/startYYH.bmp" width="32" height="32" x="562" y="303">
        <action name="click" />
      </image>

      <image name="开始战斗.YLNEW" src="pic/startYLNEW.bmp" width="32" height="32" x="557" y="301">
        <action name="click" />
      </image>

      <image name="开始战斗.BNH" src="pic/startBNH.bmp" width="32" height="32" x="562" y="303">
        <action name="click" />
      </image>
 

      <image name="单人副本开始YYH" src="pic/bt_tiaozhan.bmp" width="66" height="30" x="443" y="234">
        <action name="click" />
      </image>

      <image name="自动战斗" src="pic/zidong.bmp" width="32" height="32" x="14" y="315">
        <action name="none" />
      </image>

      <image name="响应邀请YesEver" comment="御魂/探索队长邀请进组a" src="pic/TeamInYesEver.bmp" width="20" height="20" x="108" y="116">
        <action name="click" />
      </image>

      <image name="响应邀请Yes" comment="御魂队长邀请进组b" src="pic/TeamInYes.bmp" width="32" height="32" x="55" y="112">
        <action name="click" />
      </image>
      <image name="邀请队友Yes" comment="队长邀请界面" src="pic/TeamAddYes.bmp" width="32" height="32" x="362" y="200">
        <action name="click" width="87" height="9" x="274" y="175" />
        <action name="click" width="87" height="30" x="335" y="201" />
      </image>

    </imagelist>


    <imagelist name="tansuo" width="640" height="480" timeout="80" comment="超时80秒退出">
 
      <image name="响应邀请Yes" comment="御魂队长邀请进组b" src="pic/TeamInYes.bmp" width="32" height="32" x="55" y="112">
        <action name="click" />
      </image>
      <image name="邀请队友Yes" comment="队长邀请界面" src="pic/TeamAddYes.bmp" width="32" height="32" x="362" y="200">
        <action name="key" width="87" height="9" x="274" y="175" key="1" />
        <action name="click" width="87" height="30" x="335" y="201" />         
      </image>

      <image name="ok" comment="" src="pic/bt_ok.bmp" width="82" height="24" x="346" y="190">
        <action name="click" />
      </image>
      
      <image name="boss" comment="" src="pic/MonsterBossFlag.bmp" width="32" height="32" x="0" y="0">
        <action name="click" />
      </image>
 
      <image name="箱子" comment="探索本战斗结束箱子" src="pic/box.bmp" width="25" height="21" x="0" y="0">
        <action name="none" />
      </image>
 
      <image name="准备按钮ex" src="pic/readybutton.bmp" width="32" height="32" x="570" y="310">
        <action name="click" width="44" height="21" x="560" y="265" />
      </image>

    </imagelist>

    <imagelist name="buildteam" width="640" height="480" timeout="80" comment="超时80秒退出">
 
      <image name="探索图标" comment="" src="pic/bmpTanSuoFlag.bmp" width="28" height="23" x="0" y="0">
        <action name="none" />
      </image>

      <image name="组队按钮" comment="" src="pic/bt_buildteam.bmp" width="64" height="30" x="293" y="254">
        <action name="click" />
      </image>

      <image name="队友" comment="" src="pic/teamplayer.bmp" width="12" height="32" x="182" y="97">
        <action name="click" />
      </image>

      <image name="邀请" comment="" src="pic/bt_invidebutton.bmp" width="64" height="30" x="350" y="272">
        <action name="click" />
      </image>

      <image name="响应邀请Yes" comment="队长邀请进组" src="pic/TeamInYes.bmp" width="32" height="32" x="55" y="112">
        <action name="click" />
      </image>

      <image name="探索副本" src="pic/bt_TansuoButton.bmp" width="66" height="30" x="440" y="254">
        <action name="click" />
      </image>


    </imagelist>


    <imagelist name="yueji2.0" width="640" height="480" timeout="80" comment="超时80秒退出">
      

      <image name="开始.挑战.HD" src="pic/huodongstart2.bmp" width="32" height="32" x="590" y="295">
        <action name="click" />
      </image>

      <image name="开始.组队界面.HD" src="pic/yuhunstart.bmp" width="32" height="32" x="595" y="305">
        <action name="click" />
      </image>


      <image name="结算达摩.YH" src="pic/prise.bmp" width="32" height="32" x="260" y="32"
            colorlist="6,6,143,26,17|9,30,193,34,20|6,44,67,41,32|91,44,216,50,35|85,5,200,180,135|69,37,177,113,44" >
        <action name="click"  width="59" height="44" x="210" y="44"/>
      </image>

      <image name="结束.HD" src="pic/fightend.bmp" width="32" height="32" x="300" y="60" >
        <action name="click"   />
      </image>

       

      <image name="准备按钮ex" src="pic/readybutton.bmp" width="32" height="32" x="570" y="310">
        <action name="click" width="44" height="21" x="560" y="265" />
      </image>
 

    </imagelist>

    <imagelist name="yanhui_bak" width="640" height="480" timeout="80" comment="超时80秒退出">

      
      <image name="宴会.食物.1" src="pic/food1.bmp" width="24" height="24" x="85" y="200">
        <action name="click" />
      </image>

      <image name="宴会.食物.2" src="pic/food2.bmp" width="24" height="24" x="315" y="205">
        <action name="click" />
      </image>

      <image name="宴会.食物.3" src="pic/food3.bmp" width="24" height="24" x="520" y="205">
        <action name="click" />
      </image>

      <image name="宴会.奖励1" src="pic/foodprise1.bmp" width="24" height="24" x="240" y="100">
        <action name="click" width="24" height="24" x="490" y="70" comment="点击其他位置" />
      </image>

      <image name="宴会.奖励2" src="pic/foodprise1.bmp" width="24" height="24" x="240" y="60">
        <action name="click" width="24" height="24" x="490" y="70" comment="点击其他位置" />
      </image>

       

    </imagelist>

    <imagelist name="yanhui" width="640" height="480" timeout="80" comment="超时80秒退出">


      <image name="宴会.食物.1" src="pic/yanhui_food1.bmp" width="24" height="24" x="0" y="0">
        <action name="click" />
      </image>

      <image name="宴会.食物.2" src="pic/yanhui_food2.bmp" width="24" height="24" x="0" y="0">
        <action name="click" />
      </image>

      <image name="宴会.食物.3" src="pic/yanhui_food3.bmp" width="24" height="24" x="0" y="0">
        <action name="click" />
      </image>

      <image name="宴会.奖励1" src="pic/yanhui_foodprise1.bmp" width="24" height="24" x="240" y="100">
        <action name="click" width="24" height="24" x="490" y="70" comment="点击其他位置" />
      </image>

      <image name="宴会.奖励2" src="pic/yanhui_foodprise1.bmp" width="24" height="24" x="240" y="60">
        <action name="click" width="24" height="24" x="490" y="70" comment="点击其他位置" />
      </image>

      <image name="青蛙经验" comment="" src="pic/yanhui_exp.bmp" width="20" height="20" x="0" y="0">
        <action name="none" />
      </image>
      
      <image name="箱子" comment="逢魔之时的箱子" src="pic/box2.bmp" width="25" height="21" x="0" y="0">
        <action name="none" />
      </image>


    </imagelist>

    <imagelist name="huodong" width="640" height="480" timeout="120" comment="超时80秒退出">

      <image name="自动战斗" src="pic/zidong.bmp" width="32" height="32" x="14" y="315">
        <action name="none" />
      </image>

      <image name="单人开始" src="pic/startHD.bmp" width="32" height="32" x="510" y="260">
        <action name="click" />
      </image>

    </imagelist>


    <imagelist name="huodong.old" width="640" height="480" timeout="80" comment="超时80秒退出">

       
      <image name="活动副本加入" src="pic/j2.bmp" width="32" height="32" x="520" y="98">
        <action name="click" width="30" height="15" x="510" y="110" />
      </image>
      <image name="活动副本刷新" src="pic/flush2.bmp" width="32" height="32" x="302" y="110">
        <action name="click" width="81" height="23" x="212" y="301" />
      </image>

      <image name="开始.挑战.HD" src="pic/huodongstart.bmp" width="32" height="32" x="497" y="259">
        <action name="click" />
      </image>

      <image name="开始.组队界面.HD" src="pic/yuhunstart.bmp" width="32" height="32" x="595" y="305">
        <action name="click" />
      </image>

      <image name="挑战首领" src="pic/mchangebt.bmp" width="32" height="32" x="560" y="280">
        <action name="click" />
      </image>

      <image name="挑战首领6" src="pic/mchangebt6.bmp" width="32" height="32" x="560" y="280">
        <action name="click" />
      </image>

      <image name="白云回合" src="pic/mnewchange.bmp" width="32" height="32" x="540" y="325">
        <action name="click" />
      </image>


      <image name="跳过" src="pic/mjump.bmp" width="16" height="16" x="411" y="231">
        <action name="click"   />
      </image>



      <image name="结束.HD" src="pic/fightend.bmp" width="32" height="32" x="300" y="60" >
        <action name="click"   />
      </image>
 


      <image name="准备按钮ex" src="pic/readybutton.bmp" width="32" height="32" x="570" y="310">
        <action name="click" width="44" height="21" x="560" y="265" />
      </image>
 
    </imagelist>

    <imagelist name="juqing" width="640" height="480" timeout="80" comment="超时80秒退出">
      
      

      <image name="跳过" src="pic/jump.bmp" width="16" height="16" x="426" y="262">
        <action name="click"   />
      </image>

      <image name="快进" src="pic/playfast.bmp" width="24" height="24" x="570" y="17">
        <action name="click"   />
      </image>

      <image name="对话" src="pic/dialog.bmp" width="24" height="24" x="0" y="0" comment="需要识别,包括战斗，阴阳眼，心式神">
        <action name="click"   />
      </image>

      <image name="关闭" src="pic/mallclose.bmp" width="24" height="24" x="571" y="33">
        <action name="click"   />
      </image>
 

      <image name="准备按钮ex" src="pic/readybutton.bmp" width="32" height="32" x="570" y="310">
        <action name="click" width="44" height="21" x="560" y="265" />
      </image>

      <image name="why" comment="问号" src="pic/why.bmp" width="24" height="24" x="0" y="0">
        <action name="click" />
      </image>

      <image name="yyeye" comment="阴阳眼" src="pic/yyeye.bmp" width="32" height="32" x="0" y="0">
        <action name="click" />
      </image>

      <image name="MonsterFlag" comment="怪物战斗图标" src="pic/MonsterFlag.bmp" width="33" height="33" x="0" y="0">
        <action name="click" />
      </image>


    </imagelist>
    
    <imagelist name="Flag" width="640" height="480" timeout="80" comment="超时80秒退出">
      <image name="悬赏奖励勾玉" src="pic/x2.bmp" width="35" height="35" x="279" y="228">
        <action name="click" width="20" height="20" x="414" y="197" />
      </image>
      <image name="悬赏奖励勾玉" src="pic/x2.bmp" width="35" height="35" x="324" y="228">
        <action name="click" width="20" height="20" x="414" y="197" />
      </image>
      <image name="悬赏奖励狗粮骨" src="pic/x1.bmp" width="35" height="35" x="279" y="228">
        <action name="click" width="20" height="20" x="414" y="197" />
      </image>
      <image name="悬赏奖励狗粮骨" src="pic/x1.bmp" width="35" height="35" x="324" y="228">
        <action name="click" width="20" height="20" x="414" y="197" />
      </image>
      <image name="悬赏奖励狗粮鱼" src="pic/x11.bmp" width="35" height="35" x="279" y="228">
        <action name="click" width="20" height="20" x="414" y="197" />
      </image>
      <image name="悬赏奖励狗粮鱼" src="pic/x11.bmp" width="35" height="35" x="324" y="228">
        <action name="click" width="20" height="20" x="414" y="197" />
      </image>
      <image name="准备按钮" src="pic/zhunbei.bmp" width="64" height="48" x="554" y="252">
        <action name="click" />
      </image>
      <image name="自动战斗" src="pic/zidong.bmp" width="32" height="32" x="14" y="315">
        <action name="none" />
      </image>
      <image name="邀请按钮" src="pic/zudui_yaoqing.bmp" width="52" height="49" x="500" y="217">
        <action name="none" />
      </image>
      <image name="邀请按钮2" src="pic/zudui_yaoqing2.bmp" width="50" height="50" x="520" y="100">
        <action name="none" />
      </image>
      <image name="FuBenExpFlag" src="pic/fubenflag.bmp" width="20" height="20" x="10" y="280">
        <action name="click" width="16" height="16" x="20" y="20" />
        <action name="click" width="82" height="24" x="346" y="190" />
      </image>
      
      <image name="准备按钮ex" src="pic/zhunbeiex.bmp" width="39" height="14" x="568" y="313">
        <action name="click" width="44" height="21" x="560" y="265" />
      </image>
      <image name="准备按钮" src="pic/zhunbei.bmp" width="44" height="21" x="560" y="265">
        <action name="click" />
      </image>

       <image name="boss" comment="" src="pic/MonsterBossFlag.bmp" width="32" height="32" x="0" y="0">
        <action name="click" />
      </image>
      
      <image name="战斗怪物" comment="怪物战斗图标" src="pic/MonsterFlag.bmp" width="33" height="33" x="0" y="0">
        <action name="click" />
      </image> 
      <image name="经验怪物标识" comment="" src="pic/expflag.bmp" width="6" height="20" x="0" y="0">
        <action name="none" />
      </image>
      <image name="经验怪物标识2" comment="" src="pic/expflag2.bmp" width="5" height="16" x="0" y="0">
        <action name="none" />
      </image>
      <image name="经验怪物标识3" comment="" src="pic/expflag3.bmp" width="5" height="14" x="0" y="0">
        <action name="none" />
      </image>

      <image name="经验怪物标识4" comment="" src="pic/expflag4.bmp" width="10" height="37" x="0" y="0">
        <action name="none" />
      </image>

      <image name="经验怪物标识5" comment="" src="pic/expflag5.bmp" width="5" height="19" x="0" y="0">
        <action name="none" />
      </image>

      <image name="经验怪物标识6" comment="" src="pic/expflag6.bmp" width="9" height="30" x="0" y="0">
        <action name="none" />
      </image>

      <image name="经验怪物标识11" comment="" src="pic/p1.bmp" width="8" height="20" x="0" y="0">
        <action name="none" />
      </image>

      <image name="经验怪物标识12" comment="" src="pic/p2.bmp" width="8" height="18" x="0" y="0">
        <action name="none" />
      </image>


      <image name="经验怪物标识13" comment="" src="pic/p3.bmp" width="5" height="15" x="0" y="0">
        <action name="none" />
      </image>


      <image name="经验怪物标识14" comment="" src="pic/p4.bmp" width="7" height="18" x="0" y="0">
        <action name="none" />
      </image>


      <image name="经验怪物标识15" comment="" src="pic/p5.bmp" width="8" height="20" x="0" y="0">
        <action name="none" />
      </image>


      <image name="经验怪物标识16" comment="" src="pic/p6.bmp" width="8" height="20" x="0" y="0">
        <action name="none" />
      </image>


      <image name="经验怪物标识17" comment="" src="pic/p7.bmp" width="8" height="20" x="0" y="0">
        <action name="none" />
      </image>


      <image name="经验怪物标识18" comment="" src="pic/p8.bmp" width="8" height="17" x="0" y="0">
        <action name="none" />
      </image>


      <image name="经验怪物标识19" comment="" src="pic/p9.bmp" width="4" height="14" x="0" y="0">
        <action name="none" />
      </image>


      <image name="经验怪物标识20" comment="" src="pic/p10.bmp" width="9" height="24" x="0" y="0">
        <action name="none" />
      </image>


      <image name="经验怪物标识21" comment="" src="pic/p11.bmp" width="6" height="14" x="0" y="0">
        <action name="none" />
      </image>

      <image name="经验怪物标识22" comment="" src="pic/p12.bmp" width="8" height="20" x="0" y="0">
        <action name="none" />
      </image>

      <image name="经验妖怪" src="pic/jianglidamo.bmp" width="33" height="28" x="0" y="0"
             colorlist ="0,9,47,118,131|4,16,139,29,28|32,0,43,102,120|33,9,135,28,28|18,15,56,30,14|19,28,253,210,0|17,8,224,204,162">
        <action name="none" />
      </image>

      <image name="经验妖怪2" src="pic/expflag.bmp" width="6" height="20" x="0" y="0"
            colorlist ="0,0,61,124,133|2,0,45,109,124|4,0,39,86,115|0,6,145,30,29|1,8,162,34,34|5,9,123,28,28">
        <action name="none" />
      </image>

      <image name="妖怪顶刀" src="pic/jianglidamo.bmp" width="28" height="26" x="17" y="12"
                  colorlist ="13,1,242,175,186| 0,6,143,103,43| 22,9,221,223,251| 11,26,236,160,169|26,16,208,128,133|20,20,51,58,106|28,0,76,47,10|12,16,252,253,255"                  
             >
        <action name="none" />
      </image>


      <image name="开始战斗a" src="pic/bt_kaishizhandou.bmp" width="92" height="32" x="475" y="284"
colorlist="22,11,43,39,33|24,22,51,44,36|35,12,49,43,35|43,21,59,50,38|52,19,56,48,37|56,17,50,44,35|69,12,65,54,40|76,16,59,50,38">
        <action name="click" />
      </image>
      <image name="开始战斗b" src="pic/bt_kaishizhandouwin7.bmp" width="92" height="32" x="475" y="284">
        <action name="click" />
      </image>

      <image name="准备按钮ex" src="pic/readybutton.bmp" width="32" height="32" x="570" y="310">
        <action name="click" width="44" height="21" x="560" y="265" />
      </image>


      <image name="探索副本" src="pic/bt_TansuoButton.bmp" width="66" height="30" x="440" y="254">
        <action name="click" />
      </image>


      <image name="活动骰子" src="pic/huodongRoll.bmp" width="32" height="32" x="535" y="290">
        <action name="click" />
      </image>

      <image name="技能选择.中间" src="pic/SkillSelectMiddle.bmp" width="32" height="32" x="298" y="246">
        <action name="click" />
      </image>

      <image name="表情" comment="表情" src="pic/smile.bmp" width="24" height="24" x="15" y="219">
        <action name="key"  key="30"/>
      </image>

      <image name="msg" comment="msg" src="pic/msg.bmp" width="24" height="24" x="600" y="9">
        <action name="key"  key="30"/>
      </image>

      <image name="主窗口标识" src="pic/MainWindowFlag2.bmp" width="20" height="20" x="601" y="328">
        <action name="click" />
      </image>

      <image name="主窗口标识2" src="pic/MainWindowFlag.bmp" width="20" height="20" x="588" y="305">
        <action name="click" />
      </image>

      <image name="heart0" src="pic/heart0.bmp" width="24" height="24" x="214" y="107">
        <action name="none" />
      </image>

      <image name="heart1" src="pic/heart1.bmp" width="24" height="24" x="214" y="107">
        <action name="click" />
      </image>

      <image name="heart2" src="pic/heart2.bmp" width="24" height="24" x="214" y="107">
        <action name="click" />
        <action name="click" />
      </image>

      <image name="heart4" src="pic/heart4.bmp" width="24" height="24" x="214" y="107">
        <action name="none" />
      </image>

      <image name="庭院体力" src="pic/parksusi.bmp" width="18" height="18" x="0" y="0">
        <action name="click" />
      </image>

      <image name="庭院勾玉" src="pic/parkgouyu.bmp" width="24" height="24" x="0" y="0">
        <action name="click" />
      </image>

      <image name="推荐礼包2" src="pic/parkshopbag2.bmp" width="24" height="24" x="250" y="220">
        <action name="click"  width="24" height="24" x="250" y="220" />
        <action name="click"   width="24" height="24" x="463" y="86" />
      </image>

      <image name="庭院buf" src="pic/parkbuf.bmp" width="24" height="24" x="2" y="195">
        <action name="click" />
      </image>

      <image name="签到" src="pic/parksign.bmp" width="24" height="24" x="0" y="0">
        <action name="click" />
      </image>

      <image name="签到b" src="pic/parksignb.bmp" width="24" height="24" x="0" y="0">
        <action name="click" />
      </image>
      
      <image name="寮包" src="pic/parkbag.bmp" width="24" height="24" x="0" y="0">
        <action name="click" />
      </image>

      <image name="推荐礼包" src="pic/parkshopbag.bmp" width="20" height="20" x="0" y="0">
        <action name="click" />
      </image>

      <image name="签到999礼包" src="pic/park999.bmp" width="20" height="20" x="0" y="0">
        <action name="click" />
      </image>

      <image name="签到每日" src="pic/parkeveryday.bmp" width="32" height="32" x="0" y="0">
        <action name="click" />
      </image>

      <image name="离开达摩" src="pic/leave.bmp" width="24" height="24" x="324" y="290">
        <action name="click"  width="50" height="160" x="550" y="90"/>
      </image>

      <image name="庭院buf确定" src="pic/parkbufsure.bmp" width="32" height="32" x="287" y="214">
        <action name="click" />
      </image>

      <image name="所有邮件" src="pic/getallemail.bmp" width="24" height="24" x="46" y="320">
        <action name="click" />
      </image>

      <image name="叉叉2" src="pic/close.bmp" width="16" height="16" x="0" y="0">
        <action name="click" />
      </image>
      
      <image name="叉叉" src="pic/mallclose.bmp" width="24" height="24" x="491" y="60">
        <action name="click" />
      </image>
      <image name="黑蛋碎片" src="pic/damo_blacks.bmp" width="32" height="32" x="110" y="90">
        <action name="click" />
      </image>

      <image name="免费一抽" src="pic/freeblue.bmp" width="32" height="32" x="232" y="320">
        <action name="click" />        
      </image>
      
      <image name="登录公告" src="pic/loginclose.bmp" width="24" height="24" x="597" y="71">
        <action name="click" />
      </image>
      <image name="进入游戏" src="pic/loginenter.bmp" width="24" height="24" x="315" y="280">
        <action name="click" />
      </image>

      <image name="寮界面退出" src="pic/liaoexit.bmp" width="24" height="24" x="10" y="4">
        <action name="click" />
      </image>

      <image name="获得奖励1" src="pic/GetPriseHD.bmp" width="32" height="32" x="240" y="116">
        <action name="click"  width="50" height="160" x="550" y="90"/>
      </image>
      <image name="获得奖励3" src="pic/GetPriseHD.bmp" width="32" height="32" x="240" y="92">
        <action name="click"  width="50" height="160" x="550" y="90"/>
      </image>

      <image name="地域鬼王未选择1" src="pic/areakinguc.bmp" width="32" height="32" x="82" y="182">
        <action name="none"  />
      </image>

      <image name="地域鬼王未选择2" src="pic/areakinguc.bmp" width="32" height="32" x="137" y="182">
        <action name="none"  />
      </image>


      <image name="地域鬼王未选择3" src="pic/areakinguc.bmp" width="32" height="32" x="192" y="182">
        <action name="none"  />
      </image>

      <image name="level1" src="pic/level1.bmp" width="24" height="24" x="162" y="101">
        <action name="none"  />
      </image>

      <image name="areabar" src="pic/areabar.bmp" width="16" height="32" x="67" y="132">
        <action name="none"  />
      </image>

      <image name="地域鬼王新挑战" src="pic/areachange.bmp" width="32" height="32" x="540" y="115">
        <action name="click"  width="32" height="32" x="1" y="115" />
      </image>


      <image name="红达摩" src="pic/damo_red.bmp" width="32" height="32" x="0" y="0">
        <action name="none"   />
      </image>

      <image name="蓝达摩" src="pic/damo_blue.bmp" width="32" height="32" x="0" y="0">
        <action name="none"   />
      </image>

      <image name="白达摩" src="pic/damo_white.bmp" width="32" height="32" x="0" y="0">
        <action name="none"   />
      </image>

      <image name="黑达摩" src="pic/damo_black2.bmp" width="32" height="32" x="332" y="85">
        <action name="none"   />
      </image>

      <image name="满经验" src="pic/fullexp.bmp" width="10" height="10" x="0" y="0">
        <action name="none"   />
      </image>
 
    </imagelist>

    <imagelist name="common" width="640" height="480" timeout="80" comment="超时80秒退出">

      <image name="悬赏任务.协作" src="pic/xuanshangFlag.bmp" width="24" height="24" x="255" y="74">
        <action name="click"   width="24" height="24" x="414" y="247" />
      </image>

      <image name="悬赏任务.现世" src="pic/xuanshangShare.bmp" width="24" height="24" x="255" y="74">
        <action name="click"   width="24" height="24" x="414" y="247" />
      </image>
      
      <image name="获得奖励1" src="pic/GetPriseHD.bmp" width="32" height="32" x="240" y="116">
        <action name="click"  width="50" height="160" x="550" y="90"/>
      </image>
      <image name="获得奖励3" src="pic/GetPriseHD.bmp" width="32" height="32" x="240" y="92">
        <action name="click"  width="50" height="160" x="550" y="90"/>
      </image>

      <image name="结算达摩.YH" src="pic/prise.bmp" width="32" height="32" x="260" y="32"  >
        <action name="click"  width="59" height="44" x="210" y="44"/>
      </image>

      <image name="结算达摩.TP" src="pic/prise.bmp" width="32" height="32" x="260" y="60"  >
        <action name="click"  width="59" height="44" x="210" y="44"/>
      </image>

      <image name="离开达摩" src="pic/leave.bmp" width="24" height="24" x="324" y="290">
        <action name="click"  width="50" height="160" x="550" y="90"/>
      </image>

    </imagelist>
  </game>
</gamelist>