﻿<?xml version="1.0" encoding="UTF-8"?>
<gamelist key="ihS0V3gyjwfolxgitcszWleA0yJqUGmaMsIaWRFmExEj/49YZ4wDfu4S6qbil1wErv6W07Br64yxks6VkWRoPL+Hd3spGMJ+2q9QcoYVeaZWD3hCaXHhQ60mux/LgI6GPgRysALaQ50PO2QyF4sHNZCS8KOIujW/MAZQJ6Mswag=">
  <game name="YYS">
    <account>
      <URL>自己去百度申请一个ID，都用这个有次数限制</URL>
      <APP_ID>14377264</APP_ID>
      <API_KEY>izFp8Gw9WT4lqZHn43NpENwV</API_KEY>
      <SECRET_KEY>tS3XGB6Uq5qVg13dOzDVqCCQ1HGUAjp1</SECRET_KEY>
    </account>
    <imagelist name="副本" width="640" height="480">
      <image name="悬赏任务" src="pic/xuanshangNo.bmp" width="20" height="20" x="416" y="248">
        <action name="click" />
      </image>
      <image name="悬赏任务" src="pic/xuanshangNo2.bmp" width="26" height="27" x="413" y="246">
        <action name="click" />
      </image>
      
      <image name="开始战斗a" src="pic/kaishizhandou.bmp" width="92" height="32" x="475" y="284">
        <action name="click" />
      </image>
      <image name="开始战斗b" src="pic/kaishizhandouwin7.bmp" width="92" height="32" x="475" y="284">
        <action name="click" />
      </image>
      <image name="结算达摩" src="pic/jiesuandamo.bmp" width="100" height="50" x="220" y="60">
        <action name="click" />
      </image>
      <image name="离开达摩" src="pic/jianglidamo2.bmp" width="133" height="23" x="233" y="297">
        <action name="click" />
      </image>
      <image name="单人副本开始" src="pic/yulingtiaozhan.bmp" width="66" height="30" x="444" y="233">
        <action name="click" />
      </image>
      
    </imagelist>
    <imagelist name="Flag" width="640" height="480">
      <image name="悬赏奖励勾玉" src="pic/x2.bmp" width="35" height="35" x="279" y="228">
        <action name="click" width="20" height="20" x="416" y="200" />
      </image>
      <image name="悬赏奖励勾玉" src="pic/x2.bmp" width="35" height="35" x="324" y="228">
        <action name="click" width="20" height="20" x="416" y="200" />
      </image>
      <image name="悬赏奖励狗粮骨" src="pic/x1.bmp" width="35" height="35" x="279" y="228">
        <action name="click" width="20" height="20" x="416" y="200" />
      </image>
      <image name="悬赏奖励狗粮骨" src="pic/x1.bmp" width="35" height="35" x="324" y="228">
        <action name="click" width="20" height="20" x="416" y="200" />
      </image>
      <image name="悬赏奖励狗粮鱼" src="pic/x11.bmp" width="35" height="35" x="279" y="228">
        <action name="click" width="20" height="20" x="416" y="200" />
      </image>
      <image name="悬赏奖励狗粮鱼" src="pic/x11.bmp" width="35" height="35" x="324" y="228">
        <action name="click" width="20" height="20" x="416" y="200" />
      </image>
      <image name="准备按钮" src="pic/zhunbei.bmp" width="64" height="48" x="554" y="252">
        <action name="click" />
      </image>
      <image name="自动战斗" src="pic/zidong.bmp" width="36" height="22" x="12" y="320">
        <action name="none" />
      </image>
      <image name="邀请按钮" src="pic/zudui_yaoqing.bmp" width="52" height="49" x="500" y="217">
        <action name="none" />
      </image>
      <image name="FuBenExpFlag" src="pic/fubenflag.bmp" width="20" height="20" x="10" y="280">
        <action name="click" width="16" height="16" x="20" y="20" />
        <action name="click" width="82" height="24" x="346" y="190" />
      </image>
      <image name="结算达摩" src="pic/dianjidamo.bmp" width="100" height="50" x="220" y="60">
        <action name="none" />
      </image>
      <image name="准备按钮ex" src="pic/zhunbeiex.bmp" width="39" height="14" x="568" y="313">
        <action name="click" width="44" height="21" x="560" y="265" />
      </image>
      <image name="准备按钮" src="pic/zhunbei.bmp" width="44" height="21" x="560" y="265">
        <action name="click" />
      </image>
      <image name="离开达摩3 " src="pic/jianglidamo3.bmp" width="84" height="78" x="273" y="229">
        <action name="click" />
      </image>
      <image name="离开达摩" src="pic/jianglidamo.bmp" width="133" height="23" x="233" y="297">
        <action name="click" />
      </image>
    </imagelist>
  </game>
</gamelist>