﻿<?xml version="1.0" encoding="utf-8" standalone="yes"?>
<gamelist key="AZOQdrywM0wy5P1o+7rFOLR3n21UOcgW8VrOseIQtWOJIwEZStaldUaRShOMnRTSmu2urYt8axRV17BHTKt88AS1hgkcl0FELwIUMwwSq8mdHYKb877aa9P7cBL0chaiCmXvdFzLMkl9pxAFU1P0o3ACpQSZZEFzfDQoO/v13HA=">
  <game name="YYS">
    <account>
      <URL>自己去百度申请一个ID，都用这个有次数限制</URL>
      <APP_ID>14377264</APP_ID>
      <API_KEY>izFp8Gw9WT4lqZHn43NpENwV</API_KEY>
      <SECRET_KEY>tS3XGB6Uq5qVg13dOzDVqCCQ1HGUAjp1</SECRET_KEY>
    </account>
    <dir name="directory" workpath="D:\Soft\Onmyoji" exepath="D:\Soft\Onmyoji\bin\onmyoji.exe" />
    <Setting>
      <TanSuo copyscreen="PrintWindow">
        <HeroChose name="狗粮选择" value="红达摩" />
        <CheckWay name="策略选择" value="经验怪" usedragtimes="5" checkaccount="5" checktimespan="200" />
      </TanSuo>
    </Setting>
  </game>
</gamelist>