﻿<?xml version="1.0" encoding="utf-8"?>
<YYSMonsters comment="阴阳师怪物分布图">
  <Monster name="天邪鬼绿" othername="鬼绿" location="探索妖气" bigposition="1" smallposition="1" count="13" />
  
  <Location name="YaoQiFengYin" comment="妖气封印">
    <Monsters  name="鬼使黑" bigposition="5">
      <Monster name="鬼使黑" othername="镰刀/短镰"     count="3"/>
      <Monster name="天邪鬼赤" othername=""          count="1"/>
      <Monster name="涂壁 " othername=""            count="4"/>
      <Monster name="帚神" othername=""              count="3"/>
      <Monster name="提灯小僧" othername=""          count="3"/>
     </Monsters>
    
    <Monsters  name="海坊主" bigposition="5">
      <Monster name="海坊主" othername=""   smallposition="1" count="3"/>      
      <Monster name="提灯小僧" othername=""   smallposition="1" count="4"/>
      <Monster name="天邪鬼黄" othername=""   smallposition="1" count="3"/>
      <Monster name="天邪鬼青" othername=""   smallposition="1" count="1"/>
      <Monster name="天邪鬼绿" othername=""   smallposition="1" count="1"/>
      <Monster name="天邪鬼赤" othername=""  smallposition="1" count="2"/>        
    </Monsters >

    <Monsters  name="骨女" bigposition="5">
       <Monster name="骨女" othername=""  smallposition="1" count="3"/>
      <Monster name="帚神" othername=""   smallposition="1" count="4"/>
      <Monster name="邪鬼赤" othername=""   smallposition="1" count="1"/>
      <Monster name="天邪鬼绿" othername=""   smallposition="1" count="6"/>
    </Monsters> 
    
    <Monsters  name="二口女" bigposition="5">
      <Monster name="二口女" othername=""   smallposition="1" count="3"/>
      <Monster name="帚神" othername=""   smallposition="1" count="4"/>
      <Monster name="天邪鬼青" othername=""   smallposition="1" count="3"/>
      <Monster name="提灯小僧" othername=""   smallposition="1" count="4"/>    
    </Monsters> 
    
    <Monsters  name="跳跳哥哥" bigposition="5">
      <Monster name="跳跳哥哥" othername=""   smallposition="1" count="3"/>
      <Monster name="天邪鬼绿" othername=""   smallposition="1" count="4"/>
      <Monster name="天邪鬼赤" othername=""   smallposition="1" count="1"/>
      <Monster name="天邪鬼青" othername=""   smallposition="1" count="3"/>
      <Monster name="帚神" othername=""   smallposition="1" count="2"/>
      <Monster name="天邪鬼黄" othername=""   smallposition="1" count="1"/>    
    </Monsters>
    
  </Location>


  <Location name="DayTask" comment="金币任务">
    <Monsters  name="铁鼠" bigposition="5" count="0">
      <Monster name="铁鼠" othername=""     count="13"/>      
    </Monsters>
  </Location>
  
  <Location name="MiWenFuBen" comment="秘闻副本">  
    
    <Monsters name="红叶的羁绊" bigposition="5">    
      <Monster name="第一层"  comment="邂逅"  smallposition="1" count="0">
        <iMonster name="管狐" count="4"/>
        <iMonster name="饿鬼" count="4"/>
        <iMonster name="鬼女红叶" count="1"/>
        <iMonster name="觉" count="3"/>
      </Monster>
      <Monster name="第二层"  comment="别离"  smallposition="2" count="0">
        <iMonster name="管狐" count="4"/>
        <iMonster name="饿鬼" count="4"/>
        <iMonster name="鬼女红叶" count="1"/>
        <iMonster name="跳跳妹妹" count="1"/>
        <iMonster name="跳跳弟弟" count="1"/>
        <iMonster name="跳跳哥哥" count="1"/>
      </Monster>
      <Monster name="第三层"  comment="暮想"  smallposition="3" count="0">
        <iMonster name="管狐" count="4"/>
        <iMonster name="饿鬼" count="4"/>
        <iMonster name="鬼女红叶" count="1"/>
        <iMonster name="首无" count="2"/>
        <iMonster name="三尾狐" count="1"/>
      </Monster>
      <Monster name="第四层"  comment="唆摆"  smallposition="4" count="0">
        <iMonster name="管狐" count="3"/>
        <iMonster name="天邪鬼黄" count="1"/>
        <iMonster name="饿鬼" count="3"/>
        <iMonster name="兵俑" count="1"/>
        <iMonster name="鬼女红叶" count="1"/>
        <iMonster name="鸦天狗" count="2"/>
        <iMonster name="丑时之女" count="1"/>
      </Monster>
      <Monster name="第五层"  comment="意乱"  smallposition="5" count="0">
        <iMonster name="管狐" count="3"/>
        <iMonster name="天邪鬼黄" count="1"/>
        <iMonster name="饿鬼" count="3"/>
        <iMonster name="兵俑" count="1"/>
        <iMonster name="鬼女红叶" count="1"/>
        <iMonster name="铁鼠" count="2"/>
        <iMonster name="骨女" count="1"/>
      </Monster>
      <Monster name="第六层"  comment="妖变"  smallposition="6" count="0">
        <iMonster name="管狐" count="3"/>
        <iMonster name="赤舌" count="1"/>
        <iMonster name="饿鬼" count="3"/>
        <iMonster name="椒图" count="1"/>
        <iMonster name="鬼女红叶" count="1"/>
        <iMonster name="雨女" count="2"/>
        <iMonster name="雪女" count="1"/>
      </Monster>
      <Monster name="第七层"  comment="堕落"  smallposition="7" count="0">
        <iMonster name="管狐" count="3"/>
        <iMonster name="赤舌" count="1"/>
        <iMonster name="饿鬼" count="3"/>
        <iMonster name="椒图" count="1"/>
        <iMonster name="鬼女红叶" count="1"/>
        <iMonster name="吸血姬" count="2"/>
        <iMonster name="狸猫" count="1"/>
        <iMonster name="酒吞童子" count="1"/>
      </Monster>
      <Monster name="第八层"  comment="痴迷"  smallposition="8" count="0">
        <iMonster name="管狐" count="3"/>
        <iMonster name="独眼小僧" count="1"/>
        <iMonster name="饿鬼" count="3"/>
        <iMonster name="犬神" count="1"/>
        <iMonster name="鬼女红叶" count="1"/>
        <iMonster name="兵俑" count="1"/>
        <iMonster name="椒图" count="1"/>
        <iMonster name="桃花妖" count="1"/>
        <iMonster name="酒吞童子" count="1"/>
      </Monster>
      <Monster name="第九层"  comment="苦恋"  smallposition="9" count="0">
        <iMonster name="管狐" count="3"/>
        <iMonster name="独眼小僧" count="1"/>
        <iMonster name="饿鬼" count="3"/>
        <iMonster name="椒图" count="1"/>
        <iMonster name="犬神" count="1"/>
        <iMonster name="鬼女红叶" count="1"/>
        <iMonster name="鸦天狗" count="1"/>
        <iMonster name="椒图" count="1"/>
        <iMonster name="丑时之女" count="1"/>
        <iMonster name="桃花妖" count="1"/>
        <iMonster name="酒吞童子" count="1"/>
      </Monster>
      <Monster name="第十层"  comment="羁绊"  smallposition="10" count="0">
        <iMonster name="管狐" count="3"/>
        <iMonster name="独眼小僧" count="1"/>
        
        <iMonster name="饿鬼" count="3"/>
        <iMonster name="椒图" count="1"/>
        <iMonster name="犬神" count="1"/>
        <iMonster name="兵俑" count="1"/>
        
        <iMonster name="鬼女红叶" count="1"/>
        <iMonster name="椒图" count="1"/>
        <iMonster name="吸血姬" count="1"/>
        <iMonster name="般若" count="1"/>
        <iMonster name="桃花妖" count="1"/>
        <iMonster name="酒吞童子" count="1"/>
      </Monster>
   </Monsters>

    <Monsters name="妖刀之秘籍" bigposition="2">
      <Monster name="第一层"  comment="妖刀.一式"  smallposition="1" count="0">
        <iMonster name="天邪鬼青" count="4"/>
        <iMonster name="狸猫" count="4"/>
        <iMonster name="盗墓小鬼" count="3"/>
        <iMonster name="妖刀姬" count="1"/>
      </Monster>
      <Monster name="第二层"  comment="妖刀.二式"  smallposition="2" count="0">
        <iMonster name="天邪鬼青" count="4"/>
        <iMonster name="狸猫" count="4"/>
        <iMonster name="蝴蝶精" count="3"/>
        <iMonster name="妖刀姬" count="1"/>
      </Monster>
      <Monster name="第三层"  comment="妖刀.三式"  smallposition="3" count="0">
        <iMonster name="天邪鬼青" count="4"/>
        <iMonster name="狸猫" count="4"/>
        <iMonster name="雨女" count="3"/>
        <iMonster name="妖刀姬" count="1"/>
      </Monster>
      <Monster name="第四层"  comment="妖刀.四式"  smallposition="4" count="0">
        <iMonster name="天邪鬼青" count="3"/>
        <iMonster name="涂壁" count="1"/>
        <iMonster name="狸猫" count="3"/>
        <iMonster name="蝴蝶精" count="1"/>
        <iMonster name="三尾狐" count="3"/>
        <iMonster name="妖刀姬" count="1"/>
      </Monster>
      <Monster name="第五层"  comment="妖刀.五式"  smallposition="5" count="0">
        <iMonster name="天邪鬼青" count="3"/>
        <iMonster name="涂壁" count="1"/>
        <iMonster name="狸猫" count="3"/>
        <iMonster name="蝴蝶精" count="1"/>
        <iMonster name="傀儡师" count="1"/>
        <iMonster name="二口女" count="1"/>
        <iMonster name="骨女" count="1"/>
        <iMonster name="妖刀姬" count="1"/>
      </Monster>
      <Monster name="第六层"  comment="妖刀.六式"  smallposition="6" count="0">
        <iMonster name="天邪鬼青" count="3"/>
        <iMonster name="天邪鬼绿" count="1"/>
        <iMonster name="狸猫" count="3"/>
        <iMonster name="鸦天狗" count="1"/>
        <iMonster name="桃花妖" count="1"/>
        <iMonster name="樱花妖" count="1"/>
        <iMonster name="清姬" count="1"/>
        <iMonster name="妖刀姬" count="1"/>
      </Monster>
      <Monster name="第七层"  comment="妖刀.七式"  smallposition="7" count="0">
        <iMonster name="天邪鬼青" count="3"/>
        <iMonster name="天邪鬼绿" count="1"/>
        <iMonster name="狸猫" count="3"/>
        <iMonster name="鸦天狗" count="1"/>
        <iMonster name="鬼使黑" count="1"/>
        <iMonster name="鬼使白" count="1"/>
        <iMonster name="判官" count="1"/>
        <iMonster name="妖刀姬" count="1"/>
      </Monster>
   </Monsters>

    <Monsters name="海怪的温柔" bigposition="3">
      <Monster name="第四层"  comment="肆.惶恐"  smallposition="4" count="0">
        <iMonster name="唐纸伞妖" count="3"/>
        <iMonster name="武士之灵" count="1"/>
        <iMonster name="提灯小僧" count="2"/>
        <iMonster name="狸猫" count="1"/>
        <iMonster name="河童" count="1"/>
        <iMonster name="鲤鱼精" count="4"/>
        <iMonster name="海坊主" count="1"/>
      </Monster>
      </Monsters>

    <Monsters name="道成夙愿" bigposition="3">
      <Monster name="第一层"  comment="壹.相遇"  smallposition="1" count="0">
        <iMonster name="跳跳犬" count="13"/>         
        <iMonster name="灯笼鬼" count="1"/>
        <iMonster name="清姬" count="1"/>
      </Monster>
    </Monsters>

    </Location>

  <Location name="TanSuoTiaoZhan" comment="探索挑战">
    <Monsters name="第一章" bigposition="1" >
      <Monster name="天邪鬼绿" othername="鬼绿" smallposition="1" count="13"/>
      <Monster name="九命猫" othername=""       smallposition="2" count="13"/>
    </Monsters>

    <Monsters name="第二章" bigposition="2" >
      <Monster name="提灯小僧" othername=""   smallposition="1" count="13"/>
      <Monster name="座敷童子" othername=""   smallposition="2" count="13"/>
    </Monsters>

    <Monsters name="第三章" bigposition="3" >
      <Monster name="天邪鬼黄" othername="鬼黄/鼓"   smallposition="1" count="13"/>
      <Monster name="铁鼠" othername=""   smallposition="2" count="13"/>
      <Monster name="三尾狐" othername=""   smallposition="3" count="13"/>
    </Monsters>

    <Monsters name="第四章" bigposition="4" >
      <Monster name="雨女" othername="泪珠"   smallposition="1" count="13"/>
      <Monster name="青蛙瓷器" othername="出千"   smallposition="2" count="13"/>
      <Monster name="管狐" othername="管孤"   smallposition="3" count="13"/>
    </Monsters>
 
    <Monsters name="第五章" bigposition="5" >
      <Monster name="帚神" othername=""   smallposition="1" count="13"/>
      <Monster name="食发鬼" othername=""   smallposition="2" count="13"/>
    </Monsters>

    <Monsters name="第六章" bigposition="6" >
      <Monster name="灯笼鬼" othername=""   smallposition="1" count="13"/>
      <Monster name="巫蛊师" othername=""   smallposition="2" count="13"/>
      <Monster name="蝴蝶精" othername=""   smallposition="3" count="13"/>
    </Monsters>

    <Monsters name="第七章" bigposition="7" >
      <Monster name="天邪鬼赤" othername="鬼赤/红鬼"   smallposition="1" count="13"/>
      <Monster name="鲤鱼精" othername=""   smallposition="2" count="13"/>
      <Monster name="河童" othername=""   smallposition="3" count="13"/>
    </Monsters>

    <Monsters name="第八章" bigposition="8" >
      <Monster name="唐纸伞妖" othername=""   smallposition="1" count="13"/>
      <Monster name="桃花妖" othername=""   smallposition="2" count="13"/>      
    </Monsters>

    <Monsters name="第九章" bigposition="9" >
      <Monster name="天邪鬼青" othername=""   smallposition="1" count="13"/>
      <Monster name="山兔" othername=""   smallposition="2" count="13"/>
    </Monsters>

    <Monsters name="第十章" bigposition="10" >
      <Monster name="武士之灵" othername="武士之"   smallposition="1" count="13"/>
      <Monster name="丑时之女" othername="草人"   smallposition="2" count="13"/>
    </Monsters>

    <Monsters name="第十一章" bigposition="11" >
      <Monster name="寄生魂" othername=""   smallposition="1" count="13"/>
      <Monster name="饿鬼" othername=""   smallposition="2" count="13"/>
    </Monsters>

    <Monsters name="第十二章" bigposition="12" >
      <Monster name="童男" othername=""   smallposition="1" count="13"/>
      <Monster name="童女" othername="幼女"   smallposition="2" count="13"/>
    </Monsters>

    <Monsters name="第十三章" bigposition="13" >
      <Monster name="涂壁" othername=""   smallposition="1" count="14"/>
      <Monster name="兵俑" othername="兵甲"   smallposition="2" count="14"/>
    </Monsters>

    <Monsters name="第十四章" bigposition="14" >
      <Monster name="盗墓小鬼" othername=""   smallposition="1" count="13"/>
      <Monster name="狸猫" othername=""   smallposition="2" count="13"/>
    </Monsters>

    <Monsters name="第十五章" bigposition="15" >
      <Monster name="跳跳弟" othername=""   smallposition="1" count="13"/>
      <Monster name="跳跳妹" othername=""   smallposition="2" count="13"/>
    </Monsters>

    <Monsters name="第十六章" bigposition="16" >
      <Monster name="山童" othername=""   smallposition="1" count="13"/>
      <Monster name="赤舌" othername=""   smallposition="2" count="13"/>
    </Monsters>


    <Monsters name="第十七章" bigposition="17" >
      <Monster name="萤草" othername="蒲公英"   smallposition="1" count="13"/>
      <Monster name="鸦天狗" othername=""   smallposition="2" count="13"/>
    </Monsters>

    <Monsters name="第十八章" bigposition="18" >
      <Monster name="独眼小僧" othername=""   smallposition="1" count="13"/>
      <Monster name="觉" othername=""   smallposition="2" count="13"/>
      <Monster name="镰鼬" othername=""   smallposition="3" count="13"/>
    </Monsters>

  </Location>

   
   <Location name="TanSuoFuBen" comment="探索副本">
    <Monsters name="第一章" comment="雀食奇谭" bigposition="1" >
      <Monster name="天邪鬼绿1" othername="" smallposition="1" count="0">
        <iMonster name="天邪鬼绿" count="1"/>        
        <iMonster name="跳跳犬" count="2"/>                  
        </Monster>
      <Monster name="天邪鬼绿2" othername="" smallposition="1" count="0">
        <iMonster name="天邪鬼绿" count="1"/>
        <iMonster name="提灯小僧" count="2"/>
      </Monster>
      <Monster name="提灯小僧1" othername="" smallposition="1" count="0">
        <iMonster name="天邪鬼绿" count="2"/>
        <iMonster name="提灯小僧" count="1"/>
      </Monster>
      <Monster name="天邪鬼绿1" othername="" smallposition="1" count="0">
        <iMonster name=" 灯笼鬼" count="2"/>
        <iMonster name="提灯小僧" count="1"/>
      </Monster>
      <Monster name="首领" othername="" smallposition="1" count="0">
        <iMonster name=" 九命猫" count="3"/>        
      </Monster>
          
    </Monsters>

    <Monsters name="第二章" bigposition="2" >
     
    </Monsters>

    <Monsters name="第三章" bigposition="3" >
     
    </Monsters>

    <Monsters name="第四章" bigposition="4" >
      
    </Monsters>
 
    <Monsters name="第五章" bigposition="5" >
      
    </Monsters>

    <Monsters name="第六章" bigposition="6" >
     
    </Monsters>

    <Monsters name="第七章" bigposition="7" >
      
    </Monsters>

    <Monsters name="第八章" bigposition="8" >
        
    </Monsters>

    <Monsters name="第九章" bigposition="9" >
      
    </Monsters>

    <Monsters name="第十章" bigposition="10" >
      
    </Monsters>

    <Monsters name="第十一章" bigposition="11" >
    
    </Monsters>

    <Monsters name="第十二章" comment=" 另一个晴明" bigposition="12" >
      <Monster name="童女1" othername="" smallposition="1" count="0">
        <iMonster name="童女" count="1"/>
        <iMonster name="雪女1" count="1"/>
      </Monster>
      <Monster name="童女2" othername="" smallposition="1" count="0">
        <iMonster name="童女" count="3"/>
        <iMonster name="雪女1" count="1"/>
      </Monster>
    </Monsters>

    <Monsters name="第十三章" bigposition="13" >
      
    </Monsters>

    <Monsters name="第十四章" comment="梦境的邂逅" bigposition="14" >
      <Monster name="涂壁1" othername="" smallposition="1" count="0">
        <iMonster name="涂壁" count="6"/>        
      </Monster>
      <Monster name="涂壁2" othername="" smallposition="1" count="0">
        <iMonster name="涂壁" count="6"/>
      </Monster>
      <Monster name="涂壁3" othername="" smallposition="1" count="0">
        <iMonster name="涂壁" count="6"/>
        <iMonster name="食梦貘" count="1"/>
      </Monster>
      <Monster name="首领" othername="" smallposition="1" count="0">
        <iMonster name="天邪鬼赤" count="3"/>
        <iMonster name="食梦貘" count="5"/>
      </Monster>
    </Monsters>

    <Monsters name="第十五章" bigposition="15" >
      
    </Monsters>

    <Monsters name="第十六章" comment="冥界审判" bigposition="16" >
      <Monster name="饿鬼1" othername="" smallposition="1" count="0">
        <iMonster name="饿鬼" count="1"/>
        <iMonster name="山兔" count="1"/>
        <iMonster name="山童" count="1"/>
      </Monster>

      <Monster name="饿鬼2" othername="" smallposition="1" count="0">
        <iMonster name="饿鬼" count="1"/>
        <iMonster name="山兔" count="1"/>
        <iMonster name="山童" count="1"/>
      </Monster>
        <Monster name="饿鬼3" othername="" smallposition="1" count="0">
          <iMonster name="饿鬼" count="1"/>
          <iMonster name="山兔" count="1"/>
          <iMonster name="山童" count="1"/>
        </Monster>

        <Monster name="赤舌1" othername="" smallposition="1" count="0">
          <iMonster name="赤舌" count="1"/>
          <iMonster name="寄生魂" count="3"/>          
        </Monster>
        <Monster name="赤舌2" othername="" smallposition="1" count="0">
          <iMonster name="赤舌" count="1"/>
          <iMonster name="寄生魂" count="3"/>
        </Monster>
        <Monster name="赤舌3" othername="" smallposition="1" count="0">
          <iMonster name="赤舌" count="1"/>
          <iMonster name="寄生魂" count="3"/>
        </Monster>
        <Monster name="首领" othername="" smallposition="1" count="0">
          <iMonster name="鬼使黑" count="1"/>
          <iMonster name="鬼使白" count="1"/>
          <iMonster name="判官" count="1"/>
        </Monster>

      
      
    </Monsters>

     <Monsters name="第十七章" comment="阴阳逆反" bigposition="17" >
       <Monster name="鸦天狗1" othername="" smallposition="1" count="0">
         <iMonster name="鸦天狗" count="1"/>
         <iMonster name="风小麒麟" count="3"/>
       </Monster>
       <Monster name="九命猫2" othername="" smallposition="1" count="0">
         <iMonster name="九命猫" count="6"/>
       </Monster>
       <Monster name="九命猫3" othername="" smallposition="1" count="0">
         <iMonster name="九命猫" count="6"/>
       </Monster>

       <Monster name="三尾狐1" othername="" smallposition="1" count="0">
         <iMonster name="九命猫" count="2"/>
         <iMonster name="三尾狐" count="2"/>
         <iMonster name="大天狗" count="1"/>
       </Monster>
       <Monster name="三尾狐2" othername="" smallposition="1" count="0">
         <iMonster name="九命猫" count="2"/>
         <iMonster name="三尾狐" count="2"/>
       </Monster>
       <Monster name="三尾狐3" othername="" smallposition="1" count="0">
         <iMonster name="九命猫" count="2"/>
         <iMonster name="三尾狐" count="2"/>
       </Monster>
       <Monster name="首领" othername="" smallposition="1" count="0">
         <iMonster name="大天狗" count="1"/>
         <iMonster name="鸦天狗" count="3"/>
       </Monster>
     </Monsters>

    <Monsters name="第十八章" comment="阴阳之理" bigposition="18" >
      <Monster name="九命猫1" othername="" smallposition="1" count="0">
        <iMonster name="九命猫" count="6"/>         
      </Monster>
      <Monster name="九命猫2" othername="" smallposition="1" count="0">
        <iMonster name="九命猫" count="6"/>
      </Monster>
      <Monster name="九命猫3" othername="" smallposition="1" count="0">
        <iMonster name="九命猫" count="6"/>
      </Monster>

      <Monster name="三尾狐1" othername="" smallposition="1" count="0">
        <iMonster name="九命猫" count="2"/>
        <iMonster name="三尾狐" count="2"/>
        <iMonster name="大天狗" count="1"/>
      </Monster>
      <Monster name="三尾狐2" othername="" smallposition="1" count="0">
        <iMonster name="九命猫" count="2"/>
        <iMonster name="三尾狐" count="2"/>         
      </Monster>
      <Monster name="三尾狐3" othername="" smallposition="1" count="0">
        <iMonster name="九命猫" count="2"/>
        <iMonster name="三尾狐" count="2"/>         
      </Monster>
      <Monster name="首领" othername="" smallposition="1" count="0">
        <iMonster name="大天狗" count="1"/>
        <iMonster name="鸦天狗" count="3"/> 
      </Monster>
    </Monsters>

     <Monsters name="第十九章" comment="八岐大蛇的复活" bigposition="19" >
       <Monster name="清姬1" othername="" smallposition="1" count="0">
         <iMonster name="清姬" count="3"/>
         <iMonster name="络新妇" count="2"/>
         <iMonster name="二口女" count="1"/>
       </Monster>
       <Monster name="清姬2" othername="" smallposition="1" count="0">
         <iMonster name="清姬" count="1"/>          
         <iMonster name="二口女" count="3"/>
       </Monster>
       
       <Monster name="二口女1" othername="" smallposition="1" count="0">
         <iMonster name="二口女" count="1"/>
         <iMonster name="络新妇" count="4"/>
       </Monster>
       <Monster name="二口女2" othername="" smallposition="1" count="0">
         <iMonster name="二口女" count="4"/>          
       </Monster>
       <Monster name="二口女3" othername="" smallposition="1" count="0">
         <iMonster name="二口女" count="3"/>
         <iMonster name="络新妇" count="2"/>
         <iMonster name="古龙火" count="1"/>
       </Monster>
       
       <Monster name="首领" othername="" smallposition="1" count="0">
         <iMonster name="八百比丘尼" count="1"/>
         <iMonster name="清姬" count="2"/>
         <iMonster name="二口女" count="3"/>
         <iMonster name="凤凰火" count="2"/>
       </Monster>
     </Monsters>


     <Monsters name="第二十章" comment="堵上性命的仪式" bigposition="20" >
       <Monster name="般若1" othername="" smallposition="1" count="0">
         <iMonster name="二口女" count="1"/>
         <iMonster name="般若" count="3"/>
       </Monster>

       <Monster name="般若2" othername="" smallposition="1" count="0">
         <iMonster name="二口女" count="1"/>
         <iMonster name="古笼火" count="3"/>
         <iMonster name=" 凤凰火" count="1" comment="二回合"/>
       </Monster>

       <Monster name="般若3" othername="" smallposition="1" count="0">
         <iMonster name="二口女" count="1"/>
         <iMonster name="古笼火" count="3"/>
         <iMonster name="清姬" count="2"/>
       </Monster>

       <Monster name="古笼火1" othername="" smallposition="1" count="0">
         <iMonster name="二口女" count="2"/>
         <iMonster name="清姬" count="2"/>
       </Monster>

       <Monster name="古笼火2" othername="" smallposition="1" count="0">
         <iMonster name="二口女" count="1"/>
         <iMonster name="般若" count="4"/>
         <iMonster name=" 清姬" count="1"/>
       </Monster>

       <Monster name="清姬1" othername="" smallposition="1" count="0">
         <iMonster name="般若" count="3"/>
         <iMonster name="络新妇" count="1"/>
       </Monster>


       <Monster name="清姬2" othername="" smallposition="1" count="0">
         <iMonster name="古笼火" count="5"/>
         <iMonster name="络新妇" count="1"/>
       </Monster>


       <Monster name="首领" othername="" smallposition="1" count="0">
         <iMonster name="二口女" count="1"/>
         <iMonster name="般若" count="2"/>
         <iMonster name="古笼火" count="2"  />

         <iMonster name="妖刀姬" count="1" />

       </Monster>

     </Monsters>
      
     <Monsters name="第二十一章" comment="七角山的秘闻" bigposition="21" >
       <Monster name="烟烟罗1" othername="" smallposition="1" count="0">         
         <iMonster name="烟烟罗" count="1"/>
         <iMonster name="武士之灵" count="3"/>
       </Monster>

       <Monster name="烟烟罗2" othername="" smallposition="1" count="0">
         <iMonster name="烟烟罗" count="1"/>
         <iMonster name="武士之灵" count="2"/>
         <iMonster name="兵俑" count="1"/>
       </Monster>

       <Monster name="食发鬼1" othername="" smallposition="1" count="0">
         <iMonster name="丑时之女" count="3"/>          
         <iMonster name="食发鬼" count="1"/>
       </Monster>

       <Monster name="食发鬼2" othername="" smallposition="1" count="0">
         <iMonster name="丑时之女" count="2"/>
         <iMonster name="食发鬼" count="1"/>
         <iMonster name="兵俑" count="1"/>
       </Monster>

       <Monster name="食发鬼3" othername="" smallposition="1" count="0">
         <iMonster name="丑时之女" count="2"/>
         <iMonster name="食发鬼" count="1"/>
         <iMonster name="兵俑" count="1"/>
       </Monster>

       
       <Monster name="吸血姬1" othername="" smallposition="1" count="0">         
         <iMonster name="跳跳弟弟" count="3"/>
         <iMonster name="吸血姬" count="1"/>
         <iMonster name="夜叉" count="1" comment="二回合"/>
       </Monster>

       <Monster name="吸血姬2" othername="" smallposition="1" count="0">
         <iMonster name="跳跳弟弟" count="2"/>
         <iMonster name="武士之灵" count="1"/>
         <iMonster name="夜叉" count="1" comment="二回合"/>
       </Monster>
 
       <Monster name="首领" othername="" smallposition="1" count="0">
         <iMonster name="吸血姬" count="1"/>
         <iMonster name="烟烟罗" count="2"/>         
         <iMonster name="萤草" count="1"  />
         
         <iMonster name="夜叉" count="1"  comment="二回合"/>
         <iMonster name="烟烟罗" count="2"  comment="二回合"/>
         <iMonster name="萤草" count="1"  comment="二回合"/>
       </Monster>

     </Monsters>

     <Monsters name="第二十二章" comment="八岐大蛇的秘谋" bigposition="22" >
       <Monster name="络新妇1" othername="" smallposition="1" count="0">
         <iMonster name="般若" count="1"/>
         <iMonster name="烟烟罗" count="2"/>
         <iMonster name="络新妇" count="1"/>
       </Monster>

       <Monster name="络新妇2" othername="" smallposition="1" count="0">
         <iMonster name="二口女" count="1"/>
         <iMonster name="烟烟罗" count="2"/>
         <iMonster name="络新妇" count="1"/>
       </Monster>

       <Monster name="络新妇3" othername="" smallposition="1" count="0">
         <iMonster name="二口女" count="3"/>
         <iMonster name="络新妇" count="1"/>
       </Monster>

       <Monster name="二口女1" othername="" smallposition="1" count="0">
         <iMonster name="烟烟罗" count="1"/>
         <iMonster name="络新妇" count="3"/>
       </Monster>

       <Monster name="二口女2" othername="" smallposition="1" count="0">
         <iMonster name="烟烟罗" count="2"/>
         <iMonster name="二口女" count="2"/>
         <iMonster name="青坊主" count="1" comment="二回合"/>
       </Monster>

       <Monster name="青坊主1" othername="" smallposition="1" count="0">
         <iMonster name="烟烟罗" count="1"/>
         <iMonster name="二口女" count="2"/>
         <iMonster name="青坊主" count="1"  />
       </Monster>

       <Monster name="青坊主2" othername="" smallposition="1" count="0">
         <iMonster name="般若" count="3"/>
         <iMonster name="青坊主" count="1"  />
       </Monster>

       <Monster name="首领" othername="" smallposition="1" count="0">
         <iMonster name="般若" count="1"/>
         <iMonster name="二口女" count="2"/>

         <iMonster name="络新妇" count="1"  comment="二回合"/>
         <iMonster name="惠比寿" count="1"  comment="二回合"/>
         <iMonster name="椒图" count="1"  comment="二回合"/>
         <iMonster name="吸血姬" count="1"  comment="二回合"/>
       </Monster>

     </Monsters>

     <Monsters name="第二十三章" comment="沉睡的傀儡师" bigposition="23" >
       <Monster name="孟婆1" othername="" smallposition="1" count="0">
         <iMonster name="山兔" count="3"/>
         <iMonster name="孟婆" count="1"/>         
       </Monster>
       <Monster name="孟婆2" othername="" smallposition="1" count="0">
         <iMonster name="山兔" count="3"/>
         <iMonster name="孟婆" count="1"/>
       </Monster>
       <Monster name="孟婆3" othername="" smallposition="1" count="0">
         <iMonster name="山兔" count="3"/>
         <iMonster name="孟婆" count="1"/>
       </Monster>

       <Monster name="盗墓小鬼1" othername="" smallposition="1" count="0">
         <iMonster name="座敷童子" count="2"/>
         <iMonster name="河童" count="1"/>
         <iMonster name="盗墓小鬼" count="1"/>
       </Monster>

       <Monster name="盗墓小鬼2" othername="" smallposition="1" count="0">
         <iMonster name="座敷童子" count="2"/>
         <iMonster name="河童" count="1"/>
         <iMonster name="盗墓小鬼" count="1"/>
       </Monster>

       <Monster name="骨女1" othername="" smallposition="1" count="0">
         <iMonster name="赤舌" count="3"/>
         <iMonster name="骨女" count="1"/>         
       </Monster>

       <Monster name="骨女2" othername="" smallposition="1" count="0">
         <iMonster name="赤舌" count="3"/>
         <iMonster name="骨女" count="1"/>
       </Monster>

       <Monster name="首领" othername="" smallposition="1" count="0">
         <iMonster name="傀儡师" count="2"/>
         <iMonster name="盗墓小鬼" count="3"/>
         <iMonster name="萤草" count="3"/>         
       </Monster>

     </Monsters>

     <Monsters name="第二十四章" comment="祭品巫女.前篇" bigposition="24" >
       <Monster name="络新妇1" othername="" smallposition="1" count="0">
         <iMonster name="跳跳哥哥" count="3"/>
         <iMonster name="络新妇" count="1"/>
       </Monster>
       <Monster name="络新妇2" othername="" smallposition="1" count="0">
         <iMonster name="跳跳哥哥" count="3"/>
         <iMonster name="络新妇" count="1"/>
       </Monster>
       <Monster name="吸血姬1" othername="" smallposition="1" count="0">
         <iMonster name="海坊主" count="3"/>
         <iMonster name="吸血姬" count="1"/>
       </Monster>
       <Monster name="吸血姬2" othername="" smallposition="1" count="0">
         <iMonster name="海坊主" count="3"/>
         <iMonster name="吸血姬" count="1"/>
       </Monster>
       <Monster name="清姬1" othername="" smallposition="1" count="0">
         <iMonster name="鬼使黑" count="2"/>
         <iMonster name="鬼使白" count="1"/>
         <iMonster name="清姬" count="1"/>
       </Monster>
       <Monster name="清姬2" othername="" smallposition="1" count="0">
         <iMonster name="鬼使黑" count="2"/>
         <iMonster name="鬼使白" count="1"/>
         <iMonster name="清姬" count="1"/>
       </Monster>
       <Monster name="清姬3" othername="" smallposition="1" count="0">
         <iMonster name="鬼使黑" count="2"/>
         <iMonster name="鬼使白" count="1"/>
         <iMonster name="清姬" count="3"/>
       </Monster>
       
       <Monster name="首领" othername="" smallposition="1" count="0">
         <iMonster name="清姬" count="1"/>
         <iMonster name="骨女" count="1"/>
         <iMonster name="鬼使白" count="1"/>
         <iMonster name="络新妇" count="1"/>
       </Monster>

     </Monsters>

     <Monsters name="第二十五章" comment="祭品巫女.后篇" bigposition="25" >
       <Monster name="巫蛊师1" othername="" smallposition="1" count="0">
         <iMonster name="巫蛊师" count="1"/>
         <iMonster name="般若" count="2"/>
         <iMonster name="九命猫" count="1"/>         
       </Monster>

       <Monster name="巫蛊师2" othername="" smallposition="1" count="0">
         <iMonster name="巫蛊师" count="1"/>
         <iMonster name="武士之灵" count="2"/>
         <iMonster name="独眼小僧" count="1"/>
       </Monster>
       
       <Monster name="以津真天1" othername="" smallposition="1" count="0">
         <iMonster name="以津真天" count="1"/>
         <iMonster name="古笼火" count="2"/>
         <iMonster name="烟烟罗" count="1"/>
       </Monster>

       <Monster name="以津真天2" othername="" smallposition="1" count="0">
         <iMonster name="以津真天" count="1"/>
         <iMonster name="独眼小僧" count="2"/>
         <iMonster name="蝴蝶精" count="1"/>
       </Monster>

       <Monster name="兵俑1" othername="" smallposition="1" count="0">
         <iMonster name="兵俑" count="1"/>
         <iMonster name="山兔" count="2"/>
         <iMonster name="椒图" count="1"/>
       </Monster>
       <Monster name="兵俑2" othername="" smallposition="1" count="0">
         <iMonster name="兵俑" count="1"/>
         <iMonster name="山兔" count="2"/>
         <iMonster name="椒图" count="1"/>
       </Monster>
       <Monster name="兵俑1" othername="" smallposition="1" count="0">
         <iMonster name="兵俑" count="1"/>
         <iMonster name="鸦天狗" count="3"/>          
       </Monster>
       
       <Monster name="首领" othername="" smallposition="1" count="0">
         <iMonster name="鸩" count="1"/>
         <iMonster name="骨女" count="1"/>
         <iMonster name="妖刀姬" count="1"/>
         <iMonster name="清姬" count="1"/>
       </Monster>

     </Monsters>

     <Monsters name="第二十六章" comment="决战的终章" bigposition="26" >
       <Monster name="百目鬼1" othername="" smallposition="1" count="0">
         <iMonster name="兔丸" count="2"/>
         <iMonster name="萤草" count="1"/>
         <iMonster name="百目鬼" count="1"/>
       </Monster>
       <Monster name="百目鬼2" othername="" smallposition="1" count="0">
         <iMonster name="兔丸" count="2"/>
         <iMonster name="萤草" count="1"/>
         <iMonster name="百目鬼" count="1"/>
       </Monster>
       <Monster name="百目鬼3" othername="" smallposition="1" count="0">
         <iMonster name="兔丸" count="2"/>
         <iMonster name="萤草" count="1"/>
         <iMonster name="百目鬼" count="1"/>
       </Monster>
       <Monster name="觉1" othername="" smallposition="1" count="0">
         <iMonster name="萤草" count="1"/>
         <iMonster name="虫师" count="1"/>
         <iMonster name="夜叉" count="1"/>
         <iMonster name="觉" count="1"/>
       </Monster>

       <Monster name="首无1" othername="" smallposition="1" count="0">
         <iMonster name="虫师" count="2"/>
         <iMonster name="寄生魂" count="1"/>
         <iMonster name="首无" count="1"/>
       </Monster>

       <Monster name="首无2" othername="" smallposition="1" count="0">
         <iMonster name="虫师" count="2"/>
         <iMonster name="寄生魂" count="1"/>
         <iMonster name="首无" count="1"/>
       </Monster>

       <Monster name="觉2" othername="" smallposition="1" count="0">
         <iMonster name="萤草" count="1"/>
         <iMonster name="虫师" count="1"/>
         <iMonster name="夜叉" count="1"/>
         <iMonster name="觉" count="1"/>
       </Monster>

       
       <Monster name="首领" othername="" smallposition="1" count="0">
         <iMonster name="荒" count="1"/>
         <iMonster name="万年竹" count="1"/>
         <iMonster name="夜叉" count="1"/>
         <iMonster name="追月神" count="1"/>
       </Monster>

     </Monsters>

     <Monsters name="第二十七章" comment="深海的孤独" bigposition="27" >
       <Monster name="金鱼姬1" othername="" smallposition="1" count="0">
         <iMonster name="金鱼姬" count="1"/>
         <iMonster name="海坊主" count="3"/>          
       </Monster>
       <Monster name="金鱼姬2" othername="" smallposition="1" count="0">
         <iMonster name="金鱼姬" count="1"/>
         <iMonster name="海坊主" count="3"/>
       </Monster>

       <Monster name="鲤鱼精1" othername="" smallposition="1" count="0">
         <iMonster name="鲤鱼精" count="1"/>
         <iMonster name="河童" count="3"/>
       </Monster>
       <Monster name="鲤鱼精2" othername="" smallposition="1" count="0">
         <iMonster name="鲤鱼精" count="1"/>
         <iMonster name="河童" count="3"/>
       </Monster>

       <Monster name="海坊主1" othername="" smallposition="1" count="0">
         <iMonster name="海坊主" count="1"/>
         <iMonster name="傀儡师" count="3"/>
       </Monster>
       <Monster name="海坊主2" othername="" smallposition="1" count="0">
         <iMonster name="海坊主" count="1"/>
         <iMonster name="傀儡师" count="3"/>
       </Monster>

       <Monster name="首领" othername="" smallposition="1" count="0">
         <iMonster name="化鲸" count="1"/>          
         <iMonster name="夜叉" count="3"/>          
       </Monster>

     </Monsters>

     <Monsters name="第二十八章" comment="少女与面具" bigposition="28" >
       <Monster name="跳跳妹妹1" othername="" smallposition="1" count="0">
         <iMonster name="跳跳妹妹" count="1"/>
         <iMonster name="觉" count="3"/>
       </Monster>
       
       <Monster name="傀儡师1" othername="" smallposition="1" count="0">
         <iMonster name="傀儡师" count="3"/>
         <iMonster name="觉" count="1"/>
       </Monster>

       <Monster name="傀儡师2" othername="" smallposition="1" count="0">
         <iMonster name="傀儡师" count="3"/>
         <iMonster name="觉" count="1"/>
       </Monster>

       <Monster name="判官1" othername="" smallposition="1" count="0">
         <iMonster name="判官" count="2"/>
         <iMonster name="黑童子" count="1"/>
         <iMonster name="白童子" count="1"/>
       </Monster>
       <Monster name="荒1" othername="" smallposition="1" count="0">
         <iMonster name="荒" count="1"/>
         <iMonster name="跳跳妹妹" count="3"/>
       </Monster>

       <Monster name="阎魔1" othername="" smallposition="1" count="0">
         <iMonster name="阎魔" count="1"/>
         <iMonster name="鬼使黑" count="2"/>
         <iMonster name="黑童子" count="1"/>
       </Monster>
       <Monster name="面灵气1" othername="" smallposition="1" count="0">
         <iMonster name="判官" count="1"/>
         <iMonster name="食发鬼" count="1"/>
         <iMonster name="清姬" count="1"/>
         <iMonster name="面灵气" count="1"/>
       </Monster>

       <Monster name="首领" othername="" smallposition="1" count="0">
         <iMonster name="面灵气" count="2"/>
         <iMonster name="鬼使黑" count="1"/>
         <iMonster name="鬼使白" count="1"/>
       </Monster>

     </Monsters>


   </Location>
  
  <Location name="YeYuanHuo" comment="业原火">
    <Monsters name="痴之阵" bigposition="3">
      <Monster name="妖狐" othername=""  smallposition="0" count="1"/>
      
      <Monster name="萤草" othername="蒲公英"  smallposition="0" count="4"/>      
      <Monster name="三尾狐" othername=""  smallposition="0" count="1"/>
      <Monster name="椒图" othername=""  smallposition="0" count="1"/>
      <Monster name="蝴蝶精" othername=""  smallposition="0" count="1"/>
      <Monster name="兵俑" othername=""  smallposition="0" count="1"/>
    </Monsters>
  </Location>

  <Location name="Other" comment="其他">
    <Monsters name="xxx" bigposition="5">
      <Monster name="xxx" othername=""  smallposition="0" count="2"/>
    </Monsters>
  </Location>
  
  
</YYSMonsters>