<RSAKeyValue><Modulus>3kjSvA87dVGASXUTF+NeB3EuzdPKzaYNJlYn7H4zGaBOKtkeXeWLeeGiVItnh7Jdl6fnLJW8bn/Vpiy4GqkNHQ/s8D01nPQYB0T772WiN1U1aAbz+dxN1bLwM0PgSHcNvCnfOxyoH6uXTn0vMXhIU3AO2K4IjQxuAFwQjGxYBnk=</Modulus><Exponent>AQAB</Exponent><P>5SALPBU/vEfmeI2YfXfzdaxqFD0q7mARjDZCLHpJgIGII5FRt8qn1lSc33J5+jgJ0UM99Ym+cauqqzjCwhxHWw==</P><Q>+Ftfe/wzT2erwFtA7WOGcL/crEYWxjvJUIMGsk/BZHtmLfzZNr0M6P+m7v8Vw+he/AQRPRGdgahSv1ukO+tluw==</Q><DP>JlMPzgL34DRelneItCPmMx6dt7jrf2fOR5ejxfDGbpo7/UcHViitnioU+0MYqAPLkJcgu/tIQZcnOvCJkxJL1Q==</DP><DQ>xlx0jxqIAMvUqfY4jWIIZtVW82GnnvzxdZSxLIn29MJ6ghCJjObCAPbv5cNnJunZs3+sJRKEsqI2NRCExDbnMQ==</DQ><InverseQ>y38lXx6Oyx2wywEuD03XgPqpviig2+/tbCeUaODQH3kIeDSsLOZX93xh5/X8p9ec+ICoOrV3vQveW9VYBTD/kA==</InverseQ><D>n4+e1igJAloSwKgtoIQxxx3T/yP8/EoqPk6yMe0VOVv9QHzCc5yG1mLFZ/L5ykqbLHX2V+bUcG2LK9IGBf07zz4Sh0nff8W41exo9uohJ3ITJrOtzkOQWwLSQMd3g5MKRPj2l6rE0nvuVAjDTwiWBrP6kBHte8UNCvfVqfjZ7JE=</D></RSAKeyValue>